EcoliB.fna	EcoliB.fna	0	0	10000/10000
Maeruginosa.fna	Maeruginosa.fna	0	0	10000/10000
Rslithyformis.fna	Rslithyformis.fna	0	0	10000/10000
EcoliB.fna	Maeruginosa.fna	1	1	0/10000
EcoliB.fna	Rslithyformis.fna	1	1	0/10000
Maeruginosa.fna	EcoliB.fna	1	1	0/10000
Maeruginosa.fna	Rslithyformis.fna	1	1	0/10000
Rslithyformis.fna	EcoliB.fna	1	1	0/10000
Rslithyformis.fna	Maeruginosa.fna	1	1	0/10000
../bin_fastas/bin_15.fna	../bin_fastas/bin_73.fna	0.154223	0	200/10000
../bin_fastas/bin_49.fna	../bin_fastas/bin_53.fna	0.156373	0	191/10000
../bin_fastas/bin_48.fna	../bin_fastas/bin_81.fna	0.23782	3.57829e-122	34/10000
../bin_fastas/bin_10.fna	../bin_fastas/bin_34.fna	0.25242	4.05408e-82	25/10000
../bin_fastas/bin_25.fna	../bin_fastas/bin_64.fna	0.256381	1.51834e-75	23/10000
../bin_fastas/bin_50.fna	../bin_fastas/bin_72.fna	0.258493	1.10333e-80	22/10000
../bin_fastas/bin_33.fna	../bin_fastas/bin_70.fna	0.260703	5.01817e-75	21/10000
../bin_fastas/bin_39.fna	../bin_fastas/bin_56.fna	0.263022	3.15989e-65	20/10000
../bin_fastas/bin_15.fna	../bin_fastas/bin_4.fna	0.26546	1.15021e-63	19/10000
../bin_fastas/bin_4.fna	../bin_fastas/bin_15.fna	0.26546	1.15021e-63	19/10000
../bin_fastas/bin_59.fna	../bin_fastas/bin_30.fna	0.26546	3.35568e-67	19/10000
../bin_fastas/bin_7.fna	../bin_fastas/bin_51.fna	0.26546	1.60856e-70	19/10000
../bin_fastas/bin_77.fna	../bin_fastas/bin_15.fna	0.26803	2.74964e-59	18/10000
../bin_fastas/bin_62.fna	../bin_fastas/bin_41.fna	0.270747	5.35572e-58	17/10000
../bin_fastas/bin_76.fna	../bin_fastas/bin_73.fna	0.270747	1.19671e-55	17/10000
../bin_fastas/bin_37.fna	../bin_fastas/bin_4.fna	0.273629	2.13089e-52	16/10000
../bin_fastas/bin_4.fna	../bin_fastas/bin_37.fna	0.273629	2.13089e-52	16/10000
../bin_fastas/bin_59.fna	../bin_fastas/bin_78.fna	0.273629	7.83773e-53	16/10000
../bin_fastas/bin_73.fna	../bin_fastas/bin_77.fna	0.273629	5.70635e-52	16/10000
../bin_fastas/bin_77.fna	../bin_fastas/bin_73.fna	0.273629	5.70635e-52	16/10000
../bin_fastas/bin_78.fna	../bin_fastas/bin_59.fna	0.273629	7.83773e-53	16/10000
../bin_fastas/bin_15.fna	../bin_fastas/bin_59.fna	0.276697	6.75806e-50	15/10000
../bin_fastas/bin_41.fna	../bin_fastas/bin_58.fna	0.276697	1.6716e-51	15/10000
../bin_fastas/bin_58.fna	../bin_fastas/bin_41.fna	0.276697	1.6716e-51	15/10000
../bin_fastas/bin_59.fna	../bin_fastas/bin_15.fna	0.276697	6.75806e-50	15/10000
../bin_fastas/bin_14.fna	../bin_fastas/bin_58.fna	0.283502	1.44548e-43	13/10000
../bin_fastas/bin_15.fna	../bin_fastas/bin_76.fna	0.283502	1.86193e-41	13/10000
../bin_fastas/bin_58.fna	../bin_fastas/bin_14.fna	0.283502	1.44548e-43	13/10000
../bin_fastas/bin_58.fna	../bin_fastas/bin_78.fna	0.283502	4.06246e-42	13/10000
../bin_fastas/bin_59.fna	../bin_fastas/bin_73.fna	0.283502	1.3974e-42	13/10000
../bin_fastas/bin_70.fna	../bin_fastas/bin_8.fna	0.283502	2.46529e-43	13/10000
../bin_fastas/bin_73.fna	../bin_fastas/bin_59.fna	0.283502	1.3974e-42	13/10000
../bin_fastas/bin_76.fna	../bin_fastas/bin_15.fna	0.283502	1.86193e-41	13/10000
../bin_fastas/bin_78.fna	../bin_fastas/bin_58.fna	0.283502	4.06246e-42	13/10000
../bin_fastas/bin_8.fna	../bin_fastas/bin_70.fna	0.283502	2.46529e-43	13/10000
../bin_fastas/bin_14.fna	../bin_fastas/bin_78.fna	0.287309	1.46049e-38	12/10000
../bin_fastas/bin_33.fna	../bin_fastas/bin_4.fna	0.287309	1.21843e-40	12/10000
../bin_fastas/bin_33.fna	../bin_fastas/bin_8.fna	0.287309	1.80548e-41	12/10000
../bin_fastas/bin_4.fna	../bin_fastas/bin_33.fna	0.287309	1.21843e-40	12/10000
../bin_fastas/bin_77.fna	../bin_fastas/bin_85.fna	0.287309	8.26369e-38	12/10000
../bin_fastas/bin_78.fna	../bin_fastas/bin_14.fna	0.287309	1.46049e-38	12/10000
../bin_fastas/bin_85.fna	../bin_fastas/bin_77.fna	0.287309	8.26369e-38	12/10000
../bin_fastas/bin_8.fna	../bin_fastas/bin_33.fna	0.287309	1.80548e-41	12/10000
../bin_fastas/bin_37.fna	../bin_fastas/bin_73.fna	0.291447	1.86303e-34	11/10000
../bin_fastas/bin_39.fna	../bin_fastas/bin_59.fna	0.291447	9.45979e-35	11/10000
../bin_fastas/bin_41.fna	../bin_fastas/bin_78.fna	0.291447	1.49827e-35	11/10000
../bin_fastas/bin_4.fna	../bin_fastas/bin_73.fna	0.291447	8.00922e-35	11/10000
../bin_fastas/bin_4.fna	../bin_fastas/bin_76.fna	0.291447	1.09688e-34	11/10000
../bin_fastas/bin_54.fna	../bin_fastas/bin_74.fna	0.291447	3.6388e-38	11/10000
../bin_fastas/bin_59.fna	../bin_fastas/bin_39.fna	0.291447	9.45979e-35	11/10000
../bin_fastas/bin_64.fna	../bin_fastas/bin_74.fna	0.291447	7.82385e-34	11/10000
../bin_fastas/bin_73.fna	../bin_fastas/bin_37.fna	0.291447	1.86303e-34	11/10000
../bin_fastas/bin_73.fna	../bin_fastas/bin_4.fna	0.291447	8.00922e-35	11/10000
../bin_fastas/bin_74.fna	../bin_fastas/bin_54.fna	0.291447	3.6388e-38	11/10000
../bin_fastas/bin_74.fna	../bin_fastas/bin_64.fna	0.291447	7.82385e-34	11/10000
../bin_fastas/bin_76.fna	../bin_fastas/bin_4.fna	0.291447	1.09688e-34	11/10000
../bin_fastas/bin_78.fna	../bin_fastas/bin_41.fna	0.291447	1.49827e-35	11/10000
../bin_fastas/bin_12.fna	../bin_fastas/bin_60.fna	0.295981	3.06979e-32	10/10000
../bin_fastas/bin_15.fna	../bin_fastas/bin_85.fna	0.295981	3.5144e-31	10/10000
../bin_fastas/bin_22.fna	../bin_fastas/bin_42.fna	0.295981	1.15057e-30	10/10000
../bin_fastas/bin_23.fna	../bin_fastas/bin_31.fna	0.295981	1.48196e-32	10/10000
../bin_fastas/bin_31.fna	../bin_fastas/bin_23.fna	0.295981	1.48196e-32	10/10000
../bin_fastas/bin_37.fna	../bin_fastas/bin_76.fna	0.295981	6.62565e-31	10/10000
../bin_fastas/bin_42.fna	../bin_fastas/bin_22.fna	0.295981	1.15057e-30	10/10000
../bin_fastas/bin_4.fna	../bin_fastas/bin_70.fna	0.295981	1.60304e-31	10/10000
../bin_fastas/bin_4.fna	../bin_fastas/bin_83.fna	0.295981	3.12401e-33	10/10000
../bin_fastas/bin_51.fna	../bin_fastas/bin_6.fna	0.295981	1.4884e-35	10/10000
../bin_fastas/bin_60.fna	../bin_fastas/bin_12.fna	0.295981	3.06979e-32	10/10000
../bin_fastas/bin_66.fna	../bin_fastas/bin_83.fna	0.295981	2.1998e-34	10/10000
../bin_fastas/bin_6.fna	../bin_fastas/bin_51.fna	0.295981	1.4884e-35	10/10000
../bin_fastas/bin_6.fna	../bin_fastas/bin_7.fna	0.295981	9.02969e-35	10/10000
../bin_fastas/bin_6.fna	../bin_fastas/bin_82.fna	0.295981	4.0372e-36	10/10000
../bin_fastas/bin_70.fna	../bin_fastas/bin_4.fna	0.295981	1.60304e-31	10/10000
../bin_fastas/bin_73.fna	../bin_fastas/bin_85.fna	0.295981	3.93037e-31	10/10000
../bin_fastas/bin_76.fna	../bin_fastas/bin_37.fna	0.295981	6.62565e-31	10/10000
../bin_fastas/bin_76.fna	../bin_fastas/bin_85.fna	0.295981	5.31823e-31	10/10000
../bin_fastas/bin_7.fna	../bin_fastas/bin_6.fna	0.295981	9.02969e-35	10/10000
../bin_fastas/bin_82.fna	../bin_fastas/bin_6.fna	0.295981	4.0372e-36	10/10000
../bin_fastas/bin_83.fna	../bin_fastas/bin_4.fna	0.295981	3.12401e-33	10/10000
../bin_fastas/bin_83.fna	../bin_fastas/bin_66.fna	0.295981	2.1998e-34	10/10000
../bin_fastas/bin_85.fna	../bin_fastas/bin_15.fna	0.295981	3.5144e-31	10/10000
../bin_fastas/bin_85.fna	../bin_fastas/bin_73.fna	0.295981	3.93037e-31	10/10000
../bin_fastas/bin_85.fna	../bin_fastas/bin_76.fna	0.295981	5.31823e-31	10/10000
../bin_fastas/bin_21.fna	../bin_fastas/bin_45.fna	0.300994	2.41224e-32	9/10000
../bin_fastas/bin_45.fna	../bin_fastas/bin_21.fna	0.300994	2.41224e-32	9/10000
../bin_fastas/bin_57.fna	../bin_fastas/bin_59.fna	0.300994	1.26099e-27	9/10000
../bin_fastas/bin_59.fna	../bin_fastas/bin_57.fna	0.300994	1.26099e-27	9/10000
../bin_fastas/bin_59.fna	../bin_fastas/bin_77.fna	0.300994	2.38071e-28	9/10000
../bin_fastas/bin_77.fna	../bin_fastas/bin_59.fna	0.300994	2.38071e-28	9/10000
../bin_fastas/bin_14.fna	../bin_fastas/bin_62.fna	0.306598	4.18844e-25	8/10000
../bin_fastas/bin_21.fna	../bin_fastas/bin_51.fna	0.306598	3.78138e-28	8/10000
../bin_fastas/bin_21.fna	../bin_fastas/bin_65.fna	0.306598	3.75148e-28	8/10000
../bin_fastas/bin_45.fna	../bin_fastas/bin_65.fna	0.306598	1.8104e-28	8/10000
../bin_fastas/bin_45.fna	../bin_fastas/bin_82.fna	0.306598	7.36517e-29	8/10000
../bin_fastas/bin_4.fna	../bin_fastas/bin_77.fna	0.306598	1.81691e-24	8/10000
../bin_fastas/bin_51.fna	../bin_fastas/bin_21.fna	0.306598	3.78138e-28	8/10000
../bin_fastas/bin_59.fna	../bin_fastas/bin_63.fna	0.306598	9.99511e-26	8/10000
../bin_fastas/bin_59.fna	../bin_fastas/bin_76.fna	0.306598	5.65255e-25	8/10000
../bin_fastas/bin_62.fna	../bin_fastas/bin_14.fna	0.306598	4.18844e-25	8/10000
../bin_fastas/bin_63.fna	../bin_fastas/bin_59.fna	0.306598	9.99511e-26	8/10000
../bin_fastas/bin_65.fna	../bin_fastas/bin_21.fna	0.306598	3.75148e-28	8/10000
../bin_fastas/bin_65.fna	../bin_fastas/bin_45.fna	0.306598	1.8104e-28	8/10000
../bin_fastas/bin_76.fna	../bin_fastas/bin_59.fna	0.306598	5.65255e-25	8/10000
../bin_fastas/bin_77.fna	../bin_fastas/bin_4.fna	0.306598	1.81691e-24	8/10000
../bin_fastas/bin_82.fna	../bin_fastas/bin_45.fna	0.306598	7.36517e-29	8/10000
../bin_fastas/bin_14.fna	../bin_fastas/bin_41.fna	0.312952	1.82551e-22	7/10000
../bin_fastas/bin_15.fna	../bin_fastas/bin_37.fna	0.312952	4.32121e-21	7/10000
../bin_fastas/bin_22.fna	../bin_fastas/bin_23.fna	0.312952	5.58692e-22	7/10000
../bin_fastas/bin_23.fna	../bin_fastas/bin_22.fna	0.312952	5.58692e-22	7/10000
../bin_fastas/bin_26.fna	../bin_fastas/bin_74.fna	0.312952	1.04603e-20	7/10000
../bin_fastas/bin_33.fna	../bin_fastas/bin_83.fna	0.312952	1.79356e-23	7/10000
../bin_fastas/bin_37.fna	../bin_fastas/bin_15.fna	0.312952	4.32121e-21	7/10000
../bin_fastas/bin_37.fna	../bin_fastas/bin_77.fna	0.312952	6.26778e-21	7/10000
../bin_fastas/bin_41.fna	../bin_fastas/bin_14.fna	0.312952	1.82551e-22	7/10000
../bin_fastas/bin_45.fna	../bin_fastas/bin_51.fna	0.312952	1.13712e-24	7/10000
../bin_fastas/bin_4.fna	../bin_fastas/bin_8.fna	0.312952	3.98716e-22	7/10000
../bin_fastas/bin_51.fna	../bin_fastas/bin_45.fna	0.312952	1.13712e-24	7/10000
../bin_fastas/bin_51.fna	../bin_fastas/bin_82.fna	0.312952	9.59639e-25	7/10000
../bin_fastas/bin_58.fna	../bin_fastas/bin_62.fna	0.312952	9.79124e-22	7/10000
../bin_fastas/bin_62.fna	../bin_fastas/bin_58.fna	0.312952	9.79124e-22	7/10000
../bin_fastas/bin_62.fna	../bin_fastas/bin_78.fna	0.312952	8.65419e-21	7/10000
../bin_fastas/bin_65.fna	../bin_fastas/bin_82.fna	0.312952	9.53718e-25	7/10000
../bin_fastas/bin_70.fna	../bin_fastas/bin_83.fna	0.312952	1.44609e-22	7/10000
../bin_fastas/bin_74.fna	../bin_fastas/bin_26.fna	0.312952	1.04603e-20	7/10000
../bin_fastas/bin_77.fna	../bin_fastas/bin_37.fna	0.312952	6.26778e-21	7/10000
../bin_fastas/bin_78.fna	../bin_fastas/bin_62.fna	0.312952	8.65419e-21	7/10000
../bin_fastas/bin_82.fna	../bin_fastas/bin_51.fna	0.312952	9.59639e-25	7/10000
../bin_fastas/bin_82.fna	../bin_fastas/bin_65.fna	0.312952	9.53718e-25	7/10000
../bin_fastas/bin_83.fna	../bin_fastas/bin_33.fna	0.312952	1.79356e-23	7/10000
../bin_fastas/bin_83.fna	../bin_fastas/bin_70.fna	0.312952	1.44609e-22	7/10000
../bin_fastas/bin_8.fna	../bin_fastas/bin_4.fna	0.312952	3.98716e-22	7/10000
../bin_fastas/bin_21.fna	../bin_fastas/bin_6.fna	0.320287	1.43678e-20	6/10000
../bin_fastas/bin_26.fna	../bin_fastas/bin_52.fna	0.320287	3.66427e-17	6/10000
../bin_fastas/bin_45.fna	../bin_fastas/bin_7.fna	0.320287	1.55535e-20	6/10000
../bin_fastas/bin_52.fna	../bin_fastas/bin_26.fna	0.320287	3.66427e-17	6/10000
../bin_fastas/bin_57.fna	../bin_fastas/bin_64.fna	0.320287	8.66023e-17	6/10000
../bin_fastas/bin_64.fna	../bin_fastas/bin_57.fna	0.320287	8.66023e-17	6/10000
../bin_fastas/bin_65.fna	../bin_fastas/bin_6.fna	0.320287	1.51264e-20	6/10000
../bin_fastas/bin_65.fna	../bin_fastas/bin_7.fna	0.320287	3.13387e-20	6/10000
../bin_fastas/bin_6.fna	../bin_fastas/bin_21.fna	0.320287	1.43678e-20	6/10000
../bin_fastas/bin_6.fna	../bin_fastas/bin_65.fna	0.320287	1.51264e-20	6/10000
../bin_fastas/bin_73.fna	../bin_fastas/bin_83.fna	0.320287	4.53641e-19	6/10000
../bin_fastas/bin_79.fna	../bin_fastas/bin_8.fna	0.320287	5.27113e-19	6/10000
../bin_fastas/bin_7.fna	../bin_fastas/bin_45.fna	0.320287	1.55535e-20	6/10000
../bin_fastas/bin_7.fna	../bin_fastas/bin_65.fna	0.320287	3.13387e-20	6/10000
../bin_fastas/bin_83.fna	../bin_fastas/bin_73.fna	0.320287	4.53641e-19	6/10000
../bin_fastas/bin_8.fna	../bin_fastas/bin_79.fna	0.320287	5.27113e-19	6/10000
../bin_fastas/bin_15.fna	../bin_fastas/bin_30.fna	0.328965	1.5459e-15	5/10000
../bin_fastas/bin_15.fna	../bin_fastas/bin_33.fna	0.328965	9.0815e-16	5/10000
../bin_fastas/bin_15.fna	../bin_fastas/bin_9.fna	0.328965	7.52907e-15	5/10000
../bin_fastas/bin_17.fna	../bin_fastas/bin_22.fna	0.328965	8.49017e-14	5/10000
../bin_fastas/bin_17.fna	../bin_fastas/bin_23.fna	0.328965	4.44575e-15	5/10000
../bin_fastas/bin_21.fna	../bin_fastas/bin_82.fna	0.328965	2.46772e-17	5/10000
../bin_fastas/bin_22.fna	../bin_fastas/bin_17.fna	0.328965	8.49017e-14	5/10000
../bin_fastas/bin_22.fna	../bin_fastas/bin_73.fna	0.328965	1.6393e-14	5/10000
../bin_fastas/bin_23.fna	../bin_fastas/bin_17.fna	0.328965	4.44575e-15	5/10000
../bin_fastas/bin_30.fna	../bin_fastas/bin_15.fna	0.328965	1.5459e-15	5/10000
../bin_fastas/bin_30.fna	../bin_fastas/bin_73.fna	0.328965	1.60722e-15	5/10000
../bin_fastas/bin_33.fna	../bin_fastas/bin_15.fna	0.328965	9.0815e-16	5/10000
../bin_fastas/bin_33.fna	../bin_fastas/bin_66.fna	0.328965	2.19001e-16	5/10000
../bin_fastas/bin_37.fna	../bin_fastas/bin_70.fna	0.328965	9.20165e-15	5/10000
../bin_fastas/bin_45.fna	../bin_fastas/bin_6.fna	0.328965	3.62301e-17	5/10000
../bin_fastas/bin_4.fna	../bin_fastas/bin_69.fna	0.328965	1.51721e-15	5/10000
../bin_fastas/bin_56.fna	../bin_fastas/bin_64.fna	0.328965	1.84072e-14	5/10000
../bin_fastas/bin_64.fna	../bin_fastas/bin_56.fna	0.328965	1.84072e-14	5/10000
../bin_fastas/bin_65.fna	../bin_fastas/bin_87.fna	0.328965	2.66765e-17	5/10000
../bin_fastas/bin_66.fna	../bin_fastas/bin_33.fna	0.328965	2.19001e-16	5/10000
../bin_fastas/bin_69.fna	../bin_fastas/bin_4.fna	0.328965	1.51721e-15	5/10000
../bin_fastas/bin_6.fna	../bin_fastas/bin_45.fna	0.328965	3.62301e-17	5/10000
../bin_fastas/bin_70.fna	../bin_fastas/bin_37.fna	0.328965	9.20165e-15	5/10000
../bin_fastas/bin_70.fna	../bin_fastas/bin_79.fna	0.328965	3.46177e-15	5/10000
../bin_fastas/bin_73.fna	../bin_fastas/bin_22.fna	0.328965	1.6393e-14	5/10000
../bin_fastas/bin_73.fna	../bin_fastas/bin_30.fna	0.328965	1.60722e-15	5/10000
../bin_fastas/bin_79.fna	../bin_fastas/bin_70.fna	0.328965	3.46177e-15	5/10000
../bin_fastas/bin_82.fna	../bin_fastas/bin_21.fna	0.328965	2.46772e-17	5/10000
../bin_fastas/bin_83.fna	../bin_fastas/bin_85.fna	0.328965	1.06132e-15	5/10000
../bin_fastas/bin_85.fna	../bin_fastas/bin_83.fna	0.328965	1.06132e-15	5/10000
../bin_fastas/bin_85.fna	../bin_fastas/bin_9.fna	0.328965	8.22299e-15	5/10000
../bin_fastas/bin_87.fna	../bin_fastas/bin_65.fna	0.328965	2.66765e-17	5/10000
../bin_fastas/bin_9.fna	../bin_fastas/bin_15.fna	0.328965	7.52907e-15	5/10000
../bin_fastas/bin_9.fna	../bin_fastas/bin_85.fna	0.328965	8.22299e-15	5/10000
../bin_fastas/bin_15.fna	../bin_fastas/bin_83.fna	0.339586	1.92021e-12	4/10000
../bin_fastas/bin_18.fna	../bin_fastas/bin_31.fna	0.339586	3.42001e-11	4/10000
../bin_fastas/bin_1.fna	../bin_fastas/bin_77.fna	0.339586	1.67243e-11	4/10000
../bin_fastas/bin_22.fna	../bin_fastas/bin_57.fna	0.339586	6.06161e-11	4/10000
../bin_fastas/bin_24.fna	../bin_fastas/bin_66.fna	0.339586	1.13258e-12	4/10000
../bin_fastas/bin_24.fna	../bin_fastas/bin_83.fna	0.339586	1.07863e-12	4/10000
../bin_fastas/bin_27.fna	../bin_fastas/bin_50.fna	0.339586	9.97378e-13	4/10000
../bin_fastas/bin_2.fna	../bin_fastas/bin_42.fna	0.339586	2.07572e-11	4/10000
../bin_fastas/bin_2.fna	../bin_fastas/bin_64.fna	0.339586	3.52396e-11	4/10000
../bin_fastas/bin_30.fna	../bin_fastas/bin_76.fna	0.339586	3.0494e-12	4/10000
../bin_fastas/bin_31.fna	../bin_fastas/bin_18.fna	0.339586	3.42001e-11	4/10000
../bin_fastas/bin_31.fna	../bin_fastas/bin_55.fna	0.339586	4.01986e-11	4/10000
../bin_fastas/bin_33.fna	../bin_fastas/bin_76.fna	0.339586	1.96933e-12	4/10000
../bin_fastas/bin_37.fna	../bin_fastas/bin_59.fna	0.339586	6.25643e-12	4/10000
../bin_fastas/bin_37.fna	../bin_fastas/bin_79.fna	0.339586	6.43566e-12	4/10000
../bin_fastas/bin_37.fna	../bin_fastas/bin_8.fna	0.339586	4.0496e-12	4/10000
../bin_fastas/bin_37.fna	../bin_fastas/bin_9.fna	0.339586	1.12366e-11	4/10000
../bin_fastas/bin_38.fna	../bin_fastas/bin_64.fna	0.339586	3.24586e-11	4/10000
../bin_fastas/bin_42.fna	../bin_fastas/bin_2.fna	0.339586	2.07572e-11	4/10000
../bin_fastas/bin_45.fna	../bin_fastas/bin_87.fna	0.339586	7.40654e-14	4/10000
../bin_fastas/bin_50.fna	../bin_fastas/bin_27.fna	0.339586	9.97378e-13	4/10000
../bin_fastas/bin_51.fna	../bin_fastas/bin_65.fna	0.339586	1.68146e-13	4/10000
../bin_fastas/bin_55.fna	../bin_fastas/bin_31.fna	0.339586	4.01986e-11	4/10000
../bin_fastas/bin_55.fna	../bin_fastas/bin_57.fna	0.339586	1.38106e-10	4/10000
../bin_fastas/bin_57.fna	../bin_fastas/bin_22.fna	0.339586	6.06161e-11	4/10000
../bin_fastas/bin_57.fna	../bin_fastas/bin_55.fna	0.339586	1.38106e-10	4/10000
../bin_fastas/bin_57.fna	../bin_fastas/bin_74.fna	0.339586	4.08504e-11	4/10000
../bin_fastas/bin_59.fna	../bin_fastas/bin_37.fna	0.339586	6.25643e-12	4/10000
../bin_fastas/bin_59.fna	../bin_fastas/bin_84.fna	0.339586	1.1164e-13	4/10000
../bin_fastas/bin_63.fna	../bin_fastas/bin_73.fna	0.339586	4.75415e-12	4/10000
../bin_fastas/bin_64.fna	../bin_fastas/bin_2.fna	0.339586	3.52396e-11	4/10000
../bin_fastas/bin_64.fna	../bin_fastas/bin_38.fna	0.339586	3.24586e-11	4/10000
../bin_fastas/bin_65.fna	../bin_fastas/bin_51.fna	0.339586	1.68146e-13	4/10000
../bin_fastas/bin_66.fna	../bin_fastas/bin_24.fna	0.339586	1.13258e-12	4/10000
../bin_fastas/bin_70.fna	../bin_fastas/bin_73.fna	0.339586	1.01464e-11	4/10000
../bin_fastas/bin_70.fna	../bin_fastas/bin_76.fna	0.339586	1.13913e-11	4/10000
../bin_fastas/bin_70.fna	../bin_fastas/bin_9.fna	0.339586	8.76723e-12	4/10000
../bin_fastas/bin_73.fna	../bin_fastas/bin_63.fna	0.339586	4.75415e-12	4/10000
../bin_fastas/bin_73.fna	../bin_fastas/bin_70.fna	0.339586	1.01464e-11	4/10000
../bin_fastas/bin_74.fna	../bin_fastas/bin_57.fna	0.339586	4.08504e-11	4/10000
../bin_fastas/bin_76.fna	../bin_fastas/bin_30.fna	0.339586	3.0494e-12	4/10000
../bin_fastas/bin_76.fna	../bin_fastas/bin_33.fna	0.339586	1.96933e-12	4/10000
../bin_fastas/bin_76.fna	../bin_fastas/bin_70.fna	0.339586	1.13913e-11	4/10000
../bin_fastas/bin_76.fna	../bin_fastas/bin_83.fna	0.339586	2.13283e-12	4/10000
../bin_fastas/bin_77.fna	../bin_fastas/bin_1.fna	0.339586	1.67243e-11	4/10000
../bin_fastas/bin_77.fna	../bin_fastas/bin_9.fna	0.339586	1.17663e-11	4/10000
../bin_fastas/bin_79.fna	../bin_fastas/bin_37.fna	0.339586	6.43566e-12	4/10000
../bin_fastas/bin_83.fna	../bin_fastas/bin_15.fna	0.339586	1.92021e-12	4/10000
../bin_fastas/bin_83.fna	../bin_fastas/bin_24.fna	0.339586	1.07863e-12	4/10000
../bin_fastas/bin_83.fna	../bin_fastas/bin_76.fna	0.339586	2.13283e-12	4/10000
../bin_fastas/bin_83.fna	../bin_fastas/bin_8.fna	0.339586	9.12869e-13	4/10000
../bin_fastas/bin_84.fna	../bin_fastas/bin_59.fna	0.339586	1.1164e-13	4/10000
../bin_fastas/bin_87.fna	../bin_fastas/bin_45.fna	0.339586	7.40654e-14	4/10000
../bin_fastas/bin_8.fna	../bin_fastas/bin_37.fna	0.339586	4.0496e-12	4/10000
../bin_fastas/bin_8.fna	../bin_fastas/bin_83.fna	0.339586	9.12869e-13	4/10000
../bin_fastas/bin_9.fna	../bin_fastas/bin_37.fna	0.339586	1.12366e-11	4/10000
../bin_fastas/bin_9.fna	../bin_fastas/bin_70.fna	0.339586	8.76723e-12	4/10000
../bin_fastas/bin_9.fna	../bin_fastas/bin_77.fna	0.339586	1.17663e-11	4/10000
../bin_fastas/bin_10.fna	../bin_fastas/bin_64.fna	0.35328	2.2933e-08	3/10000
../bin_fastas/bin_11.fna	../bin_fastas/bin_30.fna	0.35328	6.65238e-10	3/10000
../bin_fastas/bin_11.fna	../bin_fastas/bin_73.fna	0.35328	1.14838e-09	3/10000
../bin_fastas/bin_13.fna	../bin_fastas/bin_19.fna	0.35328	1.11161e-09	3/10000
../bin_fastas/bin_15.fna	../bin_fastas/bin_22.fna	0.35328	1.5195e-08	3/10000
../bin_fastas/bin_15.fna	../bin_fastas/bin_23.fna	0.35328	3.91754e-09	3/10000
../bin_fastas/bin_15.fna	../bin_fastas/bin_28.fna	0.35328	3.17245e-08	3/10000
../bin_fastas/bin_15.fna	../bin_fastas/bin_63.fna	0.35328	5.6638e-09	3/10000
../bin_fastas/bin_15.fna	../bin_fastas/bin_70.fna	0.35328	9.94477e-09	3/10000
../bin_fastas/bin_16.fna	../bin_fastas/bin_48.fna	0.35328	1.33581e-08	3/10000
../bin_fastas/bin_16.fna	../bin_fastas/bin_83.fna	0.35328	3.94469e-09	3/10000
../bin_fastas/bin_17.fna	../bin_fastas/bin_31.fna	0.35328	3.22457e-08	3/10000
../bin_fastas/bin_17.fna	../bin_fastas/bin_42.fna	0.35328	2.80496e-08	3/10000
../bin_fastas/bin_19.fna	../bin_fastas/bin_13.fna	0.35328	1.11161e-09	3/10000
../bin_fastas/bin_1.fna	../bin_fastas/bin_73.fna	0.35328	1.31516e-08	3/10000
../bin_fastas/bin_1.fna	../bin_fastas/bin_76.fna	0.35328	1.4453e-08	3/10000
../bin_fastas/bin_1.fna	../bin_fastas/bin_85.fna	0.35328	1.34529e-08	3/10000
../bin_fastas/bin_20.fna	../bin_fastas/bin_23.fna	0.35328	3.91365e-09	3/10000
../bin_fastas/bin_20.fna	../bin_fastas/bin_73.fna	0.35328	1.10471e-08	3/10000
../bin_fastas/bin_22.fna	../bin_fastas/bin_15.fna	0.35328	1.5195e-08	3/10000
../bin_fastas/bin_22.fna	../bin_fastas/bin_37.fna	0.35328	1.73459e-08	3/10000
../bin_fastas/bin_22.fna	../bin_fastas/bin_55.fna	0.35328	3.74148e-08	3/10000
../bin_fastas/bin_22.fna	../bin_fastas/bin_70.fna	0.35328	1.39906e-08	3/10000
../bin_fastas/bin_22.fna	../bin_fastas/bin_76.fna	0.35328	1.74327e-08	3/10000
../bin_fastas/bin_22.fna	../bin_fastas/bin_77.fna	0.35328	1.80563e-08	3/10000
../bin_fastas/bin_23.fna	../bin_fastas/bin_15.fna	0.35328	3.91754e-09	3/10000
../bin_fastas/bin_23.fna	../bin_fastas/bin_20.fna	0.35328	3.91365e-09	3/10000
../bin_fastas/bin_23.fna	../bin_fastas/bin_2.fna	0.35328	5.30895e-09	3/10000
../bin_fastas/bin_23.fna	../bin_fastas/bin_36.fna	0.35328	2.59936e-09	3/10000
../bin_fastas/bin_23.fna	../bin_fastas/bin_73.fna	0.35328	4.01078e-09	3/10000
../bin_fastas/bin_24.fna	../bin_fastas/bin_33.fna	0.35328	1.8182e-09	3/10000
../bin_fastas/bin_24.fna	../bin_fastas/bin_49.fna	0.35328	5.46214e-10	3/10000
../bin_fastas/bin_28.fna	../bin_fastas/bin_15.fna	0.35328	3.17245e-08	3/10000
../bin_fastas/bin_28.fna	../bin_fastas/bin_85.fna	0.35328	3.43092e-08	3/10000
../bin_fastas/bin_29.fna	../bin_fastas/bin_73.fna	0.35328	4.8318e-09	3/10000
../bin_fastas/bin_2.fna	../bin_fastas/bin_23.fna	0.35328	5.30895e-09	3/10000
../bin_fastas/bin_30.fna	../bin_fastas/bin_11.fna	0.35328	6.65238e-10	3/10000
../bin_fastas/bin_30.fna	../bin_fastas/bin_71.fna	0.35328	1.02612e-09	3/10000
../bin_fastas/bin_31.fna	../bin_fastas/bin_17.fna	0.35328	3.22457e-08	3/10000
../bin_fastas/bin_33.fna	../bin_fastas/bin_24.fna	0.35328	1.8182e-09	3/10000
../bin_fastas/bin_33.fna	../bin_fastas/bin_37.fna	0.35328	2.99525e-09	3/10000
../bin_fastas/bin_33.fna	../bin_fastas/bin_71.fna	0.35328	8.32061e-10	3/10000
../bin_fastas/bin_33.fna	../bin_fastas/bin_9.fna	0.35328	2.64253e-09	3/10000
../bin_fastas/bin_36.fna	../bin_fastas/bin_23.fna	0.35328	2.59936e-09	3/10000
../bin_fastas/bin_36.fna	../bin_fastas/bin_76.fna	0.35328	6.76959e-09	3/10000
../bin_fastas/bin_37.fna	../bin_fastas/bin_22.fna	0.35328	1.73459e-08	3/10000
../bin_fastas/bin_37.fna	../bin_fastas/bin_33.fna	0.35328	2.99525e-09	3/10000
../bin_fastas/bin_37.fna	../bin_fastas/bin_40.fna	0.35328	9.64833e-09	3/10000
../bin_fastas/bin_37.fna	../bin_fastas/bin_85.fna	0.35328	1.27387e-08	3/10000
../bin_fastas/bin_39.fna	../bin_fastas/bin_81.fna	0.35328	1.679e-08	3/10000
../bin_fastas/bin_40.fna	../bin_fastas/bin_37.fna	0.35328	9.64833e-09	3/10000
../bin_fastas/bin_42.fna	../bin_fastas/bin_17.fna	0.35328	2.80496e-08	3/10000
../bin_fastas/bin_42.fna	../bin_fastas/bin_55.fna	0.35328	2.52052e-08	3/10000
../bin_fastas/bin_42.fna	../bin_fastas/bin_80.fna	0.35328	8.59813e-09	3/10000
../bin_fastas/bin_48.fna	../bin_fastas/bin_16.fna	0.35328	1.33581e-08	3/10000
../bin_fastas/bin_49.fna	../bin_fastas/bin_24.fna	0.35328	5.46214e-10	3/10000
../bin_fastas/bin_49.fna	../bin_fastas/bin_66.fna	0.35328	4.07227e-10	3/10000
../bin_fastas/bin_49.fna	../bin_fastas/bin_79.fna	0.35328	5.86933e-10	3/10000
../bin_fastas/bin_49.fna	../bin_fastas/bin_83.fna	0.35328	3.98508e-10	3/10000
../bin_fastas/bin_4.fna	../bin_fastas/bin_79.fna	0.35328	6.01396e-09	3/10000
../bin_fastas/bin_4.fna	../bin_fastas/bin_9.fna	0.35328	8.88252e-09	3/10000
../bin_fastas/bin_50.fna	../bin_fastas/bin_81.fna	0.35328	2.29373e-09	3/10000
../bin_fastas/bin_55.fna	../bin_fastas/bin_22.fna	0.35328	3.74148e-08	3/10000
../bin_fastas/bin_55.fna	../bin_fastas/bin_42.fna	0.35328	2.52052e-08	3/10000
../bin_fastas/bin_55.fna	../bin_fastas/bin_64.fna	0.35328	3.95943e-08	3/10000
../bin_fastas/bin_55.fna	../bin_fastas/bin_73.fna	0.35328	2.45562e-08	3/10000
../bin_fastas/bin_56.fna	../bin_fastas/bin_81.fna	0.35328	1.02829e-08	3/10000
../bin_fastas/bin_59.fna	../bin_fastas/bin_64.fna	0.35328	8.98641e-09	3/10000
../bin_fastas/bin_59.fna	../bin_fastas/bin_85.fna	0.35328	6.77616e-09	3/10000
../bin_fastas/bin_61.fna	../bin_fastas/bin_75.fna	0.35328	1.91081e-09	3/10000
../bin_fastas/bin_63.fna	../bin_fastas/bin_15.fna	0.35328	5.6638e-09	3/10000
../bin_fastas/bin_63.fna	../bin_fastas/bin_66.fna	0.35328	1.99051e-09	3/10000
../bin_fastas/bin_63.fna	../bin_fastas/bin_71.fna	0.35328	1.31378e-09	3/10000
../bin_fastas/bin_64.fna	../bin_fastas/bin_10.fna	0.35328	2.2933e-08	3/10000
../bin_fastas/bin_64.fna	../bin_fastas/bin_55.fna	0.35328	3.95943e-08	3/10000
../bin_fastas/bin_64.fna	../bin_fastas/bin_59.fna	0.35328	8.98641e-09	3/10000
../bin_fastas/bin_66.fna	../bin_fastas/bin_49.fna	0.35328	4.07227e-10	3/10000
../bin_fastas/bin_66.fna	../bin_fastas/bin_63.fna	0.35328	1.99051e-09	3/10000
../bin_fastas/bin_69.fna	../bin_fastas/bin_83.fna	0.35328	1.52611e-09	3/10000
../bin_fastas/bin_70.fna	../bin_fastas/bin_15.fna	0.35328	9.94477e-09	3/10000
../bin_fastas/bin_70.fna	../bin_fastas/bin_22.fna	0.35328	1.39906e-08	3/10000
../bin_fastas/bin_71.fna	../bin_fastas/bin_30.fna	0.35328	1.02612e-09	3/10000
../bin_fastas/bin_71.fna	../bin_fastas/bin_33.fna	0.35328	8.32061e-10	3/10000
../bin_fastas/bin_71.fna	../bin_fastas/bin_63.fna	0.35328	1.31378e-09	3/10000
../bin_fastas/bin_73.fna	../bin_fastas/bin_11.fna	0.35328	1.14838e-09	3/10000
../bin_fastas/bin_73.fna	../bin_fastas/bin_1.fna	0.35328	1.31516e-08	3/10000
../bin_fastas/bin_73.fna	../bin_fastas/bin_20.fna	0.35328	1.10471e-08	3/10000
../bin_fastas/bin_73.fna	../bin_fastas/bin_23.fna	0.35328	4.01078e-09	3/10000
../bin_fastas/bin_73.fna	../bin_fastas/bin_29.fna	0.35328	4.8318e-09	3/10000
../bin_fastas/bin_73.fna	../bin_fastas/bin_55.fna	0.35328	2.45562e-08	3/10000
../bin_fastas/bin_73.fna	../bin_fastas/bin_79.fna	0.35328	6.79412e-09	3/10000
../bin_fastas/bin_73.fna	../bin_fastas/bin_9.fna	0.35328	1.02102e-08	3/10000
../bin_fastas/bin_75.fna	../bin_fastas/bin_61.fna	0.35328	1.91081e-09	3/10000
../bin_fastas/bin_76.fna	../bin_fastas/bin_1.fna	0.35328	1.4453e-08	3/10000
../bin_fastas/bin_76.fna	../bin_fastas/bin_22.fna	0.35328	1.74327e-08	3/10000
../bin_fastas/bin_76.fna	../bin_fastas/bin_36.fna	0.35328	6.76959e-09	3/10000
../bin_fastas/bin_76.fna	../bin_fastas/bin_77.fna	0.35328	1.41838e-08	3/10000
../bin_fastas/bin_77.fna	../bin_fastas/bin_22.fna	0.35328	1.80563e-08	3/10000
../bin_fastas/bin_77.fna	../bin_fastas/bin_76.fna	0.35328	1.41838e-08	3/10000
../bin_fastas/bin_79.fna	../bin_fastas/bin_49.fna	0.35328	5.86933e-10	3/10000
../bin_fastas/bin_79.fna	../bin_fastas/bin_4.fna	0.35328	6.01396e-09	3/10000
../bin_fastas/bin_79.fna	../bin_fastas/bin_73.fna	0.35328	6.79412e-09	3/10000
../bin_fastas/bin_7.fna	../bin_fastas/bin_82.fna	0.35328	5.12487e-10	3/10000
../bin_fastas/bin_80.fna	../bin_fastas/bin_42.fna	0.35328	8.59813e-09	3/10000
../bin_fastas/bin_81.fna	../bin_fastas/bin_39.fna	0.35328	1.679e-08	3/10000
../bin_fastas/bin_81.fna	../bin_fastas/bin_50.fna	0.35328	2.29373e-09	3/10000
../bin_fastas/bin_81.fna	../bin_fastas/bin_56.fna	0.35328	1.02829e-08	3/10000
../bin_fastas/bin_82.fna	../bin_fastas/bin_7.fna	0.35328	5.12487e-10	3/10000
../bin_fastas/bin_82.fna	../bin_fastas/bin_87.fna	0.35328	2.40304e-10	3/10000
../bin_fastas/bin_83.fna	../bin_fastas/bin_16.fna	0.35328	3.94469e-09	3/10000
../bin_fastas/bin_83.fna	../bin_fastas/bin_49.fna	0.35328	3.98508e-10	3/10000
../bin_fastas/bin_83.fna	../bin_fastas/bin_69.fna	0.35328	1.52611e-09	3/10000
../bin_fastas/bin_85.fna	../bin_fastas/bin_1.fna	0.35328	1.34529e-08	3/10000
../bin_fastas/bin_85.fna	../bin_fastas/bin_28.fna	0.35328	3.43092e-08	3/10000
../bin_fastas/bin_85.fna	../bin_fastas/bin_37.fna	0.35328	1.27387e-08	3/10000
../bin_fastas/bin_85.fna	../bin_fastas/bin_59.fna	0.35328	6.77616e-09	3/10000
../bin_fastas/bin_87.fna	../bin_fastas/bin_82.fna	0.35328	2.40304e-10	3/10000
../bin_fastas/bin_9.fna	../bin_fastas/bin_33.fna	0.35328	2.64253e-09	3/10000
../bin_fastas/bin_9.fna	../bin_fastas/bin_4.fna	0.35328	8.88252e-09	3/10000
../bin_fastas/bin_9.fna	../bin_fastas/bin_73.fna	0.35328	1.02102e-08	3/10000
../bin_fastas/bin_10.fna	../bin_fastas/bin_73.fna	0.372583	1.01779e-05	2/10000
../bin_fastas/bin_10.fna	../bin_fastas/bin_74.fna	0.372583	1.0955e-05	2/10000
../bin_fastas/bin_11.fna	../bin_fastas/bin_31.fna	0.372583	1.87999e-06	2/10000
../bin_fastas/bin_11.fna	../bin_fastas/bin_44.fna	0.372583	1.30627e-06	2/10000
../bin_fastas/bin_11.fna	../bin_fastas/bin_59.fna	0.372583	1.51814e-06	2/10000
../bin_fastas/bin_12.fna	../bin_fastas/bin_35.fna	0.372583	2.84156e-06	2/10000
../bin_fastas/bin_12.fna	../bin_fastas/bin_72.fna	0.372583	4.47281e-06	2/10000
../bin_fastas/bin_13.fna	../bin_fastas/bin_30.fna	0.372583	2.23823e-06	2/10000
../bin_fastas/bin_13.fna	../bin_fastas/bin_63.fna	0.372583	2.71044e-06	2/10000
../bin_fastas/bin_13.fna	../bin_fastas/bin_71.fna	0.372583	1.57069e-06	2/10000
../bin_fastas/bin_13.fna	../bin_fastas/bin_73.fna	0.372583	3.69704e-06	2/10000
../bin_fastas/bin_14.fna	../bin_fastas/bin_79.fna	0.372583	4.26542e-06	2/10000
../bin_fastas/bin_15.fna	../bin_fastas/bin_2.fna	0.372583	1.07023e-05	2/10000
../bin_fastas/bin_15.fna	../bin_fastas/bin_40.fna	0.372583	6.95292e-06	2/10000
../bin_fastas/bin_15.fna	../bin_fastas/bin_66.fna	0.372583	3.48967e-06	2/10000
../bin_fastas/bin_15.fna	../bin_fastas/bin_71.fna	0.372583	2.54198e-06	2/10000
../bin_fastas/bin_15.fna	../bin_fastas/bin_79.fna	0.372583	5.81002e-06	2/10000
../bin_fastas/bin_15.fna	../bin_fastas/bin_8.fna	0.372583	4.64239e-06	2/10000
../bin_fastas/bin_17.fna	../bin_fastas/bin_20.fna	0.372583	1.45026e-05	2/10000
../bin_fastas/bin_17.fna	../bin_fastas/bin_55.fna	0.372583	3.05562e-05	2/10000
../bin_fastas/bin_17.fna	../bin_fastas/bin_76.fna	0.372583	1.62118e-05	2/10000
../bin_fastas/bin_17.fna	../bin_fastas/bin_80.fna	0.372583	1.14635e-05	2/10000
../bin_fastas/bin_17.fna	../bin_fastas/bin_9.fna	0.372583	1.35277e-05	2/10000
../bin_fastas/bin_18.fna	../bin_fastas/bin_1.fna	0.372583	1.45001e-05	2/10000
../bin_fastas/bin_18.fna	../bin_fastas/bin_29.fna	0.372583	6.46648e-06	2/10000
../bin_fastas/bin_18.fna	../bin_fastas/bin_59.fna	0.372583	8.32172e-06	2/10000
../bin_fastas/bin_18.fna	../bin_fastas/bin_85.fna	0.372583	1.31423e-05	2/10000
../bin_fastas/bin_19.fna	../bin_fastas/bin_59.fna	0.372583	2.40256e-06	2/10000
../bin_fastas/bin_19.fna	../bin_fastas/bin_63.fna	0.372583	2.26708e-06	2/10000
../bin_fastas/bin_19.fna	../bin_fastas/bin_69.fna	0.372583	1.96249e-06	2/10000
../bin_fastas/bin_19.fna	../bin_fastas/bin_77.fna	0.372583	3.15352e-06	2/10000
../bin_fastas/bin_1.fna	../bin_fastas/bin_18.fna	0.372583	1.45001e-05	2/10000
../bin_fastas/bin_20.fna	../bin_fastas/bin_17.fna	0.372583	1.45026e-05	2/10000
../bin_fastas/bin_20.fna	../bin_fastas/bin_22.fna	0.372583	1.01112e-05	2/10000
../bin_fastas/bin_20.fna	../bin_fastas/bin_42.fna	0.372583	8.29403e-06	2/10000
../bin_fastas/bin_20.fna	../bin_fastas/bin_4.fna	0.372583	7.44079e-06	2/10000
../bin_fastas/bin_20.fna	../bin_fastas/bin_55.fna	0.372583	1.35281e-05	2/10000
../bin_fastas/bin_20.fna	../bin_fastas/bin_70.fna	0.372583	7.62374e-06	2/10000
../bin_fastas/bin_22.fna	../bin_fastas/bin_20.fna	0.372583	1.01112e-05	2/10000
../bin_fastas/bin_22.fna	../bin_fastas/bin_2.fna	0.372583	1.40531e-05	2/10000
../bin_fastas/bin_22.fna	../bin_fastas/bin_31.fna	0.372583	1.13737e-05	2/10000
../bin_fastas/bin_22.fna	../bin_fastas/bin_36.fna	0.372583	6.68891e-06	2/10000
../bin_fastas/bin_22.fna	../bin_fastas/bin_5.fna	0.372583	1.22654e-05	2/10000
../bin_fastas/bin_22.fna	../bin_fastas/bin_61.fna	0.372583	9.07021e-06	2/10000
../bin_fastas/bin_22.fna	../bin_fastas/bin_85.fna	0.372583	1.05424e-05	2/10000
../bin_fastas/bin_23.fna	../bin_fastas/bin_40.fna	0.372583	3.70118e-06	2/10000
../bin_fastas/bin_23.fna	../bin_fastas/bin_42.fna	0.372583	4.20575e-06	2/10000
../bin_fastas/bin_23.fna	../bin_fastas/bin_55.fna	0.372583	5.88353e-06	2/10000
../bin_fastas/bin_24.fna	../bin_fastas/bin_37.fna	0.372583	5.56639e-06	2/10000
../bin_fastas/bin_24.fna	../bin_fastas/bin_4.fna	0.372583	4.92491e-06	2/10000
../bin_fastas/bin_24.fna	../bin_fastas/bin_63.fna	0.372583	3.68569e-06	2/10000
../bin_fastas/bin_24.fna	../bin_fastas/bin_73.fna	0.372583	5.31988e-06	2/10000
../bin_fastas/bin_24.fna	../bin_fastas/bin_77.fna	0.372583	5.67284e-06	2/10000
../bin_fastas/bin_24.fna	../bin_fastas/bin_85.fna	0.372583	5.38126e-06	2/10000
../bin_fastas/bin_25.fna	../bin_fastas/bin_56.fna	0.372583	1.07253e-05	2/10000
../bin_fastas/bin_27.fna	../bin_fastas/bin_58.fna	0.372583	4.26868e-06	2/10000
../bin_fastas/bin_28.fna	../bin_fastas/bin_31.fna	0.372583	1.92114e-05	2/10000
../bin_fastas/bin_28.fna	../bin_fastas/bin_36.fna	0.372583	9.871e-06	2/10000
../bin_fastas/bin_28.fna	../bin_fastas/bin_37.fna	0.372583	1.85168e-05	2/10000
../bin_fastas/bin_29.fna	../bin_fastas/bin_18.fna	0.372583	6.46648e-06	2/10000
../bin_fastas/bin_29.fna	../bin_fastas/bin_36.fna	0.372583	3.47242e-06	2/10000
../bin_fastas/bin_29.fna	../bin_fastas/bin_83.fna	0.372583	2.33811e-06	2/10000
../bin_fastas/bin_2.fna	../bin_fastas/bin_15.fna	0.372583	1.07023e-05	2/10000
../bin_fastas/bin_2.fna	../bin_fastas/bin_22.fna	0.372583	1.40531e-05	2/10000
../bin_fastas/bin_2.fna	../bin_fastas/bin_31.fna	0.372583	1.2067e-05	2/10000
../bin_fastas/bin_2.fna	../bin_fastas/bin_36.fna	0.372583	6.99833e-06	2/10000
../bin_fastas/bin_2.fna	../bin_fastas/bin_3.fna	0.372583	1.44495e-05	2/10000
../bin_fastas/bin_2.fna	../bin_fastas/bin_55.fna	0.372583	1.99023e-05	2/10000
../bin_fastas/bin_2.fna	../bin_fastas/bin_57.fna	0.372583	2.05655e-05	2/10000
../bin_fastas/bin_2.fna	../bin_fastas/bin_5.fna	0.372583	1.30432e-05	2/10000
../bin_fastas/bin_2.fna	../bin_fastas/bin_73.fna	0.372583	1.09775e-05	2/10000
../bin_fastas/bin_30.fna	../bin_fastas/bin_13.fna	0.372583	2.23823e-06	2/10000
../bin_fastas/bin_30.fna	../bin_fastas/bin_63.fna	0.372583	2.96053e-06	2/10000
../bin_fastas/bin_30.fna	../bin_fastas/bin_79.fna	0.372583	3.19622e-06	2/10000
../bin_fastas/bin_31.fna	../bin_fastas/bin_11.fna	0.372583	1.87999e-06	2/10000
../bin_fastas/bin_31.fna	../bin_fastas/bin_22.fna	0.372583	1.13737e-05	2/10000
../bin_fastas/bin_31.fna	../bin_fastas/bin_28.fna	0.372583	1.92114e-05	2/10000
../bin_fastas/bin_31.fna	../bin_fastas/bin_2.fna	0.372583	1.2067e-05	2/10000
../bin_fastas/bin_31.fna	../bin_fastas/bin_42.fna	0.372583	9.22391e-06	2/10000
../bin_fastas/bin_31.fna	../bin_fastas/bin_5.fna	0.372583	1.06344e-05	2/10000
../bin_fastas/bin_31.fna	../bin_fastas/bin_80.fna	0.372583	7.36966e-06	2/10000
../bin_fastas/bin_31.fna	../bin_fastas/bin_85.fna	0.372583	9.23299e-06	2/10000
../bin_fastas/bin_33.fna	../bin_fastas/bin_49.fna	0.372583	8.7621e-07	2/10000
../bin_fastas/bin_33.fna	../bin_fastas/bin_63.fna	0.372583	2.46421e-06	2/10000
../bin_fastas/bin_33.fna	../bin_fastas/bin_73.fna	0.372583	3.3093e-06	2/10000
../bin_fastas/bin_33.fna	../bin_fastas/bin_79.fna	0.372583	2.64227e-06	2/10000
../bin_fastas/bin_34.fna	../bin_fastas/bin_38.fna	0.372583	1.67543e-05	2/10000
../bin_fastas/bin_34.fna	../bin_fastas/bin_54.fna	0.372583	2.17585e-06	2/10000
../bin_fastas/bin_34.fna	../bin_fastas/bin_64.fna	0.372583	1.69132e-05	2/10000
../bin_fastas/bin_35.fna	../bin_fastas/bin_12.fna	0.372583	2.84156e-06	2/10000
../bin_fastas/bin_35.fna	../bin_fastas/bin_50.fna	0.372583	1.58926e-06	2/10000
../bin_fastas/bin_35.fna	../bin_fastas/bin_72.fna	0.372583	2.28447e-06	2/10000
../bin_fastas/bin_36.fna	../bin_fastas/bin_22.fna	0.372583	6.68891e-06	2/10000
../bin_fastas/bin_36.fna	../bin_fastas/bin_28.fna	0.372583	9.871e-06	2/10000
../bin_fastas/bin_36.fna	../bin_fastas/bin_29.fna	0.372583	3.47242e-06	2/10000
../bin_fastas/bin_36.fna	../bin_fastas/bin_2.fna	0.372583	6.99833e-06	2/10000
../bin_fastas/bin_36.fna	../bin_fastas/bin_37.fna	0.372583	5.89096e-06	2/10000
../bin_fastas/bin_37.fna	../bin_fastas/bin_24.fna	0.372583	5.56639e-06	2/10000
../bin_fastas/bin_37.fna	../bin_fastas/bin_28.fna	0.372583	1.85168e-05	2/10000
../bin_fastas/bin_37.fna	../bin_fastas/bin_36.fna	0.372583	5.89096e-06	2/10000
../bin_fastas/bin_37.fna	../bin_fastas/bin_63.fna	0.372583	5.58501e-06	2/10000
../bin_fastas/bin_37.fna	../bin_fastas/bin_66.fna	0.372583	3.67347e-06	2/10000
../bin_fastas/bin_37.fna	../bin_fastas/bin_71.fna	0.372583	2.6556e-06	2/10000
../bin_fastas/bin_37.fna	../bin_fastas/bin_83.fna	0.372583	3.5687e-06	2/10000
../bin_fastas/bin_38.fna	../bin_fastas/bin_34.fna	0.372583	1.67543e-05	2/10000
../bin_fastas/bin_39.fna	../bin_fastas/bin_48.fna	0.372583	9.90148e-06	2/10000
../bin_fastas/bin_3.fna	../bin_fastas/bin_2.fna	0.372583	1.44495e-05	2/10000
../bin_fastas/bin_3.fna	../bin_fastas/bin_70.fna	0.372583	9.80202e-06	2/10000
../bin_fastas/bin_40.fna	../bin_fastas/bin_15.fna	0.372583	6.95292e-06	2/10000
../bin_fastas/bin_40.fna	../bin_fastas/bin_23.fna	0.372583	3.70118e-06	2/10000
../bin_fastas/bin_40.fna	../bin_fastas/bin_4.fna	0.372583	6.49321e-06	2/10000
../bin_fastas/bin_40.fna	../bin_fastas/bin_59.fna	0.372583	5.07918e-06	2/10000
../bin_fastas/bin_40.fna	../bin_fastas/bin_64.fna	0.372583	8.85917e-06	2/10000
../bin_fastas/bin_40.fna	../bin_fastas/bin_70.fna	0.372583	6.64217e-06	2/10000
../bin_fastas/bin_40.fna	../bin_fastas/bin_73.fna	0.372583	7.09647e-06	2/10000
../bin_fastas/bin_40.fna	../bin_fastas/bin_76.fna	0.372583	7.49877e-06	2/10000
../bin_fastas/bin_42.fna	../bin_fastas/bin_20.fna	0.372583	8.29403e-06	2/10000
../bin_fastas/bin_42.fna	../bin_fastas/bin_23.fna	0.372583	4.20575e-06	2/10000
../bin_fastas/bin_42.fna	../bin_fastas/bin_31.fna	0.372583	9.22391e-06	2/10000
../bin_fastas/bin_42.fna	../bin_fastas/bin_57.fna	0.372583	1.45789e-05	2/10000
../bin_fastas/bin_42.fna	../bin_fastas/bin_5.fna	0.372583	9.87142e-06	2/10000
../bin_fastas/bin_42.fna	../bin_fastas/bin_6.fna	0.372583	2.59334e-06	2/10000
../bin_fastas/bin_42.fna	../bin_fastas/bin_8.fna	0.372583	4.76839e-06	2/10000
../bin_fastas/bin_42.fna	../bin_fastas/bin_9.fna	0.372583	7.8671e-06	2/10000
../bin_fastas/bin_43.fna	../bin_fastas/bin_49.fna	0.372583	4.46173e-07	2/10000
../bin_fastas/bin_44.fna	../bin_fastas/bin_11.fna	0.372583	1.30627e-06	2/10000
../bin_fastas/bin_48.fna	../bin_fastas/bin_39.fna	0.372583	9.90148e-06	2/10000
../bin_fastas/bin_48.fna	../bin_fastas/bin_56.fna	0.372583	7.23573e-06	2/10000
../bin_fastas/bin_49.fna	../bin_fastas/bin_33.fna	0.372583	8.7621e-07	2/10000
../bin_fastas/bin_49.fna	../bin_fastas/bin_43.fna	0.372583	4.46173e-07	2/10000
../bin_fastas/bin_49.fna	../bin_fastas/bin_4.fna	0.372583	1.28787e-06	2/10000
../bin_fastas/bin_49.fna	../bin_fastas/bin_50.fna	0.372583	8.36156e-07	2/10000
../bin_fastas/bin_49.fna	../bin_fastas/bin_59.fna	0.372583	1.15012e-06	2/10000
../bin_fastas/bin_49.fna	../bin_fastas/bin_63.fna	0.372583	1.10466e-06	2/10000
../bin_fastas/bin_49.fna	../bin_fastas/bin_8.fna	0.372583	1.04366e-06	2/10000
../bin_fastas/bin_4.fna	../bin_fastas/bin_20.fna	0.372583	7.44079e-06	2/10000
../bin_fastas/bin_4.fna	../bin_fastas/bin_24.fna	0.372583	4.92491e-06	2/10000
../bin_fastas/bin_4.fna	../bin_fastas/bin_40.fna	0.372583	6.49321e-06	2/10000
../bin_fastas/bin_4.fna	../bin_fastas/bin_49.fna	0.372583	1.28787e-06	2/10000
../bin_fastas/bin_4.fna	../bin_fastas/bin_59.fna	0.372583	5.38559e-06	2/10000
../bin_fastas/bin_4.fna	../bin_fastas/bin_85.fna	0.372583	7.71179e-06	2/10000
../bin_fastas/bin_50.fna	../bin_fastas/bin_35.fna	0.372583	1.58926e-06	2/10000
../bin_fastas/bin_50.fna	../bin_fastas/bin_49.fna	0.372583	8.36156e-07	2/10000
../bin_fastas/bin_53.fna	../bin_fastas/bin_83.fna	0.372583	8.79523e-07	2/10000
../bin_fastas/bin_54.fna	../bin_fastas/bin_34.fna	0.372583	2.17585e-06	2/10000
../bin_fastas/bin_54.fna	../bin_fastas/bin_57.fna	0.372583	2.29861e-06	2/10000
../bin_fastas/bin_54.fna	../bin_fastas/bin_64.fna	0.372583	2.03224e-06	2/10000
../bin_fastas/bin_55.fna	../bin_fastas/bin_17.fna	0.372583	3.05562e-05	2/10000
../bin_fastas/bin_55.fna	../bin_fastas/bin_20.fna	0.372583	1.35281e-05	2/10000
../bin_fastas/bin_55.fna	../bin_fastas/bin_23.fna	0.372583	5.88353e-06	2/10000
../bin_fastas/bin_55.fna	../bin_fastas/bin_2.fna	0.372583	1.99023e-05	2/10000
../bin_fastas/bin_55.fna	../bin_fastas/bin_9.fna	0.372583	1.26483e-05	2/10000
../bin_fastas/bin_56.fna	../bin_fastas/bin_25.fna	0.372583	1.07253e-05	2/10000
../bin_fastas/bin_56.fna	../bin_fastas/bin_48.fna	0.372583	7.23573e-06	2/10000
../bin_fastas/bin_57.fna	../bin_fastas/bin_2.fna	0.372583	2.05655e-05	2/10000
../bin_fastas/bin_57.fna	../bin_fastas/bin_42.fna	0.372583	1.45789e-05	2/10000
../bin_fastas/bin_57.fna	../bin_fastas/bin_54.fna	0.372583	2.29861e-06	2/10000
../bin_fastas/bin_58.fna	../bin_fastas/bin_27.fna	0.372583	4.26868e-06	2/10000
../bin_fastas/bin_59.fna	../bin_fastas/bin_11.fna	0.372583	1.51814e-06	2/10000
../bin_fastas/bin_59.fna	../bin_fastas/bin_18.fna	0.372583	8.32172e-06	2/10000
../bin_fastas/bin_59.fna	../bin_fastas/bin_19.fna	0.372583	2.40256e-06	2/10000
../bin_fastas/bin_59.fna	../bin_fastas/bin_40.fna	0.372583	5.07918e-06	2/10000
../bin_fastas/bin_59.fna	../bin_fastas/bin_49.fna	0.372583	1.15012e-06	2/10000
../bin_fastas/bin_59.fna	../bin_fastas/bin_4.fna	0.372583	5.38559e-06	2/10000
../bin_fastas/bin_59.fna	../bin_fastas/bin_8.fna	0.372583	3.57899e-06	2/10000
../bin_fastas/bin_5.fna	../bin_fastas/bin_22.fna	0.372583	1.22654e-05	2/10000
../bin_fastas/bin_5.fna	../bin_fastas/bin_2.fna	0.372583	1.30432e-05	2/10000
../bin_fastas/bin_5.fna	../bin_fastas/bin_31.fna	0.372583	1.06344e-05	2/10000
../bin_fastas/bin_5.fna	../bin_fastas/bin_42.fna	0.372583	9.87142e-06	2/10000
../bin_fastas/bin_61.fna	../bin_fastas/bin_22.fna	0.372583	9.07021e-06	2/10000
../bin_fastas/bin_61.fna	../bin_fastas/bin_77.fna	0.372583	8.00692e-06	2/10000
../bin_fastas/bin_61.fna	../bin_fastas/bin_9.fna	0.372583	6.90989e-06	2/10000
../bin_fastas/bin_62.fna	../bin_fastas/bin_63.fna	0.372583	5.32891e-06	2/10000
../bin_fastas/bin_62.fna	../bin_fastas/bin_69.fna	0.372583	4.28876e-06	2/10000
../bin_fastas/bin_63.fna	../bin_fastas/bin_13.fna	0.372583	2.71044e-06	2/10000
../bin_fastas/bin_63.fna	../bin_fastas/bin_19.fna	0.372583	2.26708e-06	2/10000
../bin_fastas/bin_63.fna	../bin_fastas/bin_24.fna	0.372583	3.68569e-06	2/10000
../bin_fastas/bin_63.fna	../bin_fastas/bin_30.fna	0.372583	2.96053e-06	2/10000
../bin_fastas/bin_63.fna	../bin_fastas/bin_33.fna	0.372583	2.46421e-06	2/10000
../bin_fastas/bin_63.fna	../bin_fastas/bin_37.fna	0.372583	5.58501e-06	2/10000
../bin_fastas/bin_63.fna	../bin_fastas/bin_49.fna	0.372583	1.10466e-06	2/10000
../bin_fastas/bin_63.fna	../bin_fastas/bin_62.fna	0.372583	5.32891e-06	2/10000
../bin_fastas/bin_63.fna	../bin_fastas/bin_76.fna	0.372583	5.59823e-06	2/10000
../bin_fastas/bin_63.fna	../bin_fastas/bin_77.fna	0.372583	5.692e-06	2/10000
../bin_fastas/bin_63.fna	../bin_fastas/bin_83.fna	0.372583	2.54869e-06	2/10000
../bin_fastas/bin_63.fna	../bin_fastas/bin_85.fna	0.372583	5.39896e-06	2/10000
../bin_fastas/bin_64.fna	../bin_fastas/bin_34.fna	0.372583	1.69132e-05	2/10000
../bin_fastas/bin_64.fna	../bin_fastas/bin_40.fna	0.372583	8.85917e-06	2/10000
../bin_fastas/bin_64.fna	../bin_fastas/bin_54.fna	0.372583	2.03224e-06	2/10000
../bin_fastas/bin_66.fna	../bin_fastas/bin_15.fna	0.372583	3.48967e-06	2/10000
../bin_fastas/bin_66.fna	../bin_fastas/bin_37.fna	0.372583	3.67347e-06	2/10000
../bin_fastas/bin_66.fna	../bin_fastas/bin_70.fna	0.372583	3.37808e-06	2/10000
../bin_fastas/bin_66.fna	../bin_fastas/bin_73.fna	0.372583	3.54048e-06	2/10000
../bin_fastas/bin_66.fna	../bin_fastas/bin_76.fna	0.372583	3.68052e-06	2/10000
../bin_fastas/bin_66.fna	../bin_fastas/bin_85.fna	0.372583	3.57375e-06	2/10000
../bin_fastas/bin_66.fna	../bin_fastas/bin_8.fna	0.372583	2.39484e-06	2/10000
../bin_fastas/bin_69.fna	../bin_fastas/bin_19.fna	0.372583	1.96249e-06	2/10000
../bin_fastas/bin_69.fna	../bin_fastas/bin_62.fna	0.372583	4.28876e-06	2/10000
../bin_fastas/bin_69.fna	../bin_fastas/bin_70.fna	0.372583	4.07858e-06	2/10000
../bin_fastas/bin_69.fna	../bin_fastas/bin_79.fna	0.372583	3.32972e-06	2/10000
../bin_fastas/bin_6.fna	../bin_fastas/bin_42.fna	0.372583	2.59334e-06	2/10000
../bin_fastas/bin_70.fna	../bin_fastas/bin_20.fna	0.372583	7.62374e-06	2/10000
../bin_fastas/bin_70.fna	../bin_fastas/bin_3.fna	0.372583	9.80202e-06	2/10000
../bin_fastas/bin_70.fna	../bin_fastas/bin_40.fna	0.372583	6.64217e-06	2/10000
../bin_fastas/bin_70.fna	../bin_fastas/bin_66.fna	0.372583	3.37808e-06	2/10000
../bin_fastas/bin_70.fna	../bin_fastas/bin_69.fna	0.372583	4.07858e-06	2/10000
../bin_fastas/bin_70.fna	../bin_fastas/bin_77.fna	0.372583	8.42847e-06	2/10000
../bin_fastas/bin_71.fna	../bin_fastas/bin_13.fna	0.372583	1.57069e-06	2/10000
../bin_fastas/bin_71.fna	../bin_fastas/bin_15.fna	0.372583	2.54198e-06	2/10000
../bin_fastas/bin_71.fna	../bin_fastas/bin_37.fna	0.372583	2.6556e-06	2/10000
../bin_fastas/bin_71.fna	../bin_fastas/bin_78.fna	0.372583	2.92098e-06	2/10000
../bin_fastas/bin_71.fna	../bin_fastas/bin_79.fna	0.372583	2.10747e-06	2/10000
../bin_fastas/bin_71.fna	../bin_fastas/bin_9.fna	0.372583	2.467e-06	2/10000
../bin_fastas/bin_72.fna	../bin_fastas/bin_12.fna	0.372583	4.47281e-06	2/10000
../bin_fastas/bin_72.fna	../bin_fastas/bin_35.fna	0.372583	2.28447e-06	2/10000
../bin_fastas/bin_73.fna	../bin_fastas/bin_10.fna	0.372583	1.01779e-05	2/10000
../bin_fastas/bin_73.fna	../bin_fastas/bin_13.fna	0.372583	3.69704e-06	2/10000
../bin_fastas/bin_73.fna	../bin_fastas/bin_24.fna	0.372583	5.31988e-06	2/10000
../bin_fastas/bin_73.fna	../bin_fastas/bin_2.fna	0.372583	1.09775e-05	2/10000
../bin_fastas/bin_73.fna	../bin_fastas/bin_33.fna	0.372583	3.3093e-06	2/10000
../bin_fastas/bin_73.fna	../bin_fastas/bin_40.fna	0.372583	7.09647e-06	2/10000
../bin_fastas/bin_73.fna	../bin_fastas/bin_66.fna	0.372583	3.54048e-06	2/10000
../bin_fastas/bin_74.fna	../bin_fastas/bin_10.fna	0.372583	1.0955e-05	2/10000
../bin_fastas/bin_75.fna	../bin_fastas/bin_77.fna	0.372583	2.8535e-06	2/10000
../bin_fastas/bin_76.fna	../bin_fastas/bin_17.fna	0.372583	1.62118e-05	2/10000
../bin_fastas/bin_76.fna	../bin_fastas/bin_40.fna	0.372583	7.49877e-06	2/10000
../bin_fastas/bin_76.fna	../bin_fastas/bin_63.fna	0.372583	5.59823e-06	2/10000
../bin_fastas/bin_76.fna	../bin_fastas/bin_66.fna	0.372583	3.68052e-06	2/10000
../bin_fastas/bin_76.fna	../bin_fastas/bin_79.fna	0.372583	6.22491e-06	2/10000
../bin_fastas/bin_76.fna	../bin_fastas/bin_8.fna	0.372583	4.93706e-06	2/10000
../bin_fastas/bin_76.fna	../bin_fastas/bin_9.fna	0.372583	8.22724e-06	2/10000
../bin_fastas/bin_77.fna	../bin_fastas/bin_19.fna	0.372583	3.15352e-06	2/10000
../bin_fastas/bin_77.fna	../bin_fastas/bin_24.fna	0.372583	5.67284e-06	2/10000
../bin_fastas/bin_77.fna	../bin_fastas/bin_61.fna	0.372583	8.00692e-06	2/10000
../bin_fastas/bin_77.fna	../bin_fastas/bin_63.fna	0.372583	5.692e-06	2/10000
../bin_fastas/bin_77.fna	../bin_fastas/bin_70.fna	0.372583	8.42847e-06	2/10000
../bin_fastas/bin_77.fna	../bin_fastas/bin_75.fna	0.372583	2.8535e-06	2/10000
../bin_fastas/bin_77.fna	../bin_fastas/bin_83.fna	0.372583	3.6232e-06	2/10000
../bin_fastas/bin_78.fna	../bin_fastas/bin_71.fna	0.372583	2.92098e-06	2/10000
../bin_fastas/bin_79.fna	../bin_fastas/bin_14.fna	0.372583	4.26542e-06	2/10000
../bin_fastas/bin_79.fna	../bin_fastas/bin_15.fna	0.372583	5.81002e-06	2/10000
../bin_fastas/bin_79.fna	../bin_fastas/bin_30.fna	0.372583	3.19622e-06	2/10000
../bin_fastas/bin_79.fna	../bin_fastas/bin_33.fna	0.372583	2.64227e-06	2/10000
../bin_fastas/bin_79.fna	../bin_fastas/bin_69.fna	0.372583	3.32972e-06	2/10000
../bin_fastas/bin_79.fna	../bin_fastas/bin_71.fna	0.372583	2.10747e-06	2/10000
../bin_fastas/bin_79.fna	../bin_fastas/bin_76.fna	0.372583	6.22491e-06	2/10000
../bin_fastas/bin_79.fna	../bin_fastas/bin_85.fna	0.372583	5.99161e-06	2/10000
../bin_fastas/bin_79.fna	../bin_fastas/bin_9.fna	0.372583	5.55383e-06	2/10000
../bin_fastas/bin_7.fna	../bin_fastas/bin_87.fna	0.372583	1.0779e-06	2/10000
../bin_fastas/bin_80.fna	../bin_fastas/bin_17.fna	0.372583	1.14635e-05	2/10000
../bin_fastas/bin_80.fna	../bin_fastas/bin_31.fna	0.372583	7.36966e-06	2/10000
../bin_fastas/bin_83.fna	../bin_fastas/bin_29.fna	0.372583	2.33811e-06	2/10000
../bin_fastas/bin_83.fna	../bin_fastas/bin_37.fna	0.372583	3.5687e-06	2/10000
../bin_fastas/bin_83.fna	../bin_fastas/bin_53.fna	0.372583	8.79523e-07	2/10000
../bin_fastas/bin_83.fna	../bin_fastas/bin_63.fna	0.372583	2.54869e-06	2/10000
../bin_fastas/bin_83.fna	../bin_fastas/bin_77.fna	0.372583	3.6232e-06	2/10000
../bin_fastas/bin_83.fna	../bin_fastas/bin_9.fna	0.372583	3.27739e-06	2/10000
../bin_fastas/bin_85.fna	../bin_fastas/bin_18.fna	0.372583	1.31423e-05	2/10000
../bin_fastas/bin_85.fna	../bin_fastas/bin_22.fna	0.372583	1.05424e-05	2/10000
../bin_fastas/bin_85.fna	../bin_fastas/bin_24.fna	0.372583	5.38126e-06	2/10000
../bin_fastas/bin_85.fna	../bin_fastas/bin_31.fna	0.372583	9.23299e-06	2/10000
../bin_fastas/bin_85.fna	../bin_fastas/bin_4.fna	0.372583	7.71179e-06	2/10000
../bin_fastas/bin_85.fna	../bin_fastas/bin_63.fna	0.372583	5.39896e-06	2/10000
../bin_fastas/bin_85.fna	../bin_fastas/bin_66.fna	0.372583	3.57375e-06	2/10000
../bin_fastas/bin_85.fna	../bin_fastas/bin_79.fna	0.372583	5.99161e-06	2/10000
../bin_fastas/bin_87.fna	../bin_fastas/bin_7.fna	0.372583	1.0779e-06	2/10000
../bin_fastas/bin_8.fna	../bin_fastas/bin_15.fna	0.372583	4.64239e-06	2/10000
../bin_fastas/bin_8.fna	../bin_fastas/bin_42.fna	0.372583	4.76839e-06	2/10000
../bin_fastas/bin_8.fna	../bin_fastas/bin_49.fna	0.372583	1.04366e-06	2/10000
../bin_fastas/bin_8.fna	../bin_fastas/bin_59.fna	0.372583	3.57899e-06	2/10000
../bin_fastas/bin_8.fna	../bin_fastas/bin_66.fna	0.372583	2.39484e-06	2/10000
../bin_fastas/bin_8.fna	../bin_fastas/bin_76.fna	0.372583	4.93706e-06	2/10000
../bin_fastas/bin_9.fna	../bin_fastas/bin_17.fna	0.372583	1.35277e-05	2/10000
../bin_fastas/bin_9.fna	../bin_fastas/bin_42.fna	0.372583	7.8671e-06	2/10000
../bin_fastas/bin_9.fna	../bin_fastas/bin_55.fna	0.372583	1.26483e-05	2/10000
../bin_fastas/bin_9.fna	../bin_fastas/bin_61.fna	0.372583	6.90989e-06	2/10000
../bin_fastas/bin_9.fna	../bin_fastas/bin_71.fna	0.372583	2.467e-06	2/10000
../bin_fastas/bin_9.fna	../bin_fastas/bin_76.fna	0.372583	8.22724e-06	2/10000
../bin_fastas/bin_9.fna	../bin_fastas/bin_79.fna	0.372583	5.55383e-06	2/10000
../bin_fastas/bin_9.fna	../bin_fastas/bin_83.fna	0.372583	3.27739e-06	2/10000
